<?xml version="1.0" encoding="UTF-8"?>
<project-private xmlns="http://www.netbeans.org/ns/project-private/1">
    <editor-bookmarks xmlns="http://www.netbeans.org/ns/editor-bookmarks/2" lastBookmarkId="0"/>
    <open-files xmlns="http://www.netbeans.org/ns/projectui-open-files/2">
        <group>
            <file>file:/D:/Programming/GitHub/SchoolProjects/HW3MakeOrderRequest/src/java/orderrequest/EmailServerInterface.java</file>
            <file>file:/D:/Programming/GitHub/SchoolProjects/HW3MakeOrderRequest/src/java/orderrequest/DeliveryOrder.java</file>
            <file>file:/D:/Programming/GitHub/SchoolProjects/HW3MakeOrderRequest/web/emailconfirmation.jsp</file>
            <file>file:/D:/Programming/GitHub/SchoolProjects/HW3MakeOrderRequest/web/makeorderrequest.jsp</file>
            <file>file:/D:/Programming/GitHub/SchoolProjects/HW3MakeOrderRequest/src/java/orderrequest/PurchaseOrderManager.java</file>
            <file>file:/D:/Programming/GitHub/SchoolProjects/HW3MakeOrderRequest/src/java/orderrequest/CustomerAccount.java</file>
        </group>
    </open-files>
</project-private>
